{
    "slice_a": [
        [
            -0.44354182481765747,
            -2.027679681777954,
            1.5576268434524536
        ],
        [
            -0.3731337785720825,
            -2.2116682529449463,
            1.5313665866851807
        ],
        [
            -0.17877089977264404,
            -2.247694492340088,
            1.5262246131896973
        ],
        [
            0.0116434870287776,
            -2.342423439025879,
            1.5127041339874268
        ],
        [
            0.16000798344612122,
            -2.287484645843506,
            1.520545482635498
        ],
        [
            0.2867359220981598,
            -2.1225485801696777,
            1.5440863370895386
        ],
        [
            0.29940110445022583,
            -1.9185781478881836,
            1.573198676109314
        ],
        [
            0.26871180534362793,
            -1.7112005949020386,
            1.602797269821167
        ],
        [
            0.1624017059803009,
            -1.570731282234192,
            1.6228461265563965
        ],
        [
            -0.00480339489877224,
            -1.4445422887802124,
            1.6408567428588867
        ],
        [
            -0.2097494751214981,
            -1.468171238899231,
            1.6374843120574951
        ],
        [
            -0.35478535294532776,
            -1.6195911169052124,
            1.6158723831176758
        ],
        [
            -0.42794105410575867,
            -1.8175098896026611,
            1.587623953819275
        ]
    ],
    "slice_b": [
        [
            -0.4401181936264038,
            -2.3151040077209473,
            1.8999661207199097
        ],
        [
            -0.34292903542518616,
            -2.4540305137634277,
            1.8801374435424805
        ],
        [
            -0.15621134638786316,
            -2.5429625511169434,
            1.8674442768096924
        ],
        [
            0.051436904817819595,
            -2.5372097492218018,
            1.8682653903961182
        ],
        [
            0.19786016643047333,
            -2.4291601181030273,
            1.883687138557434
        ],
        [
            0.3063809871673584,
            -2.328951597213745,
            1.8979896306991577
        ],
        [
            0.32704704999923706,
            -2.1301157474517822,
            1.926369071006775
        ],
        [
            0.25027328729629517,
            -1.9913229942321777,
            1.9461785554885864
        ],
        [
            0.0769769474864006,
            -1.8833469152450562,
            1.9615898132324219
        ],
        [
            -0.13038530945777893,
            -1.8697278499603271,
            1.963533639907837
        ],
        [
            -0.3211076259613037,
            -1.9497567415237427,
            1.9521112442016602
        ],
        [
            -0.447531521320343,
            -2.111722469329834,
            1.9289942979812622
        ]
    ],
    "slice_c": [
        [
            -0.4446754455566406,
            -2.3310067653656006,
            2.0893778800964355
        ],
        [
            -0.32060346007347107,
            -2.498786449432373,
            2.0654308795928955
        ],
        [
            -0.12345849722623825,
            -2.5761258602142334,
            2.0543925762176514
        ],
        [
            0.08776411414146423,
            -2.5533335208892822,
            2.057645797729492
        ],
        [
            0.25600653886795044,
            -2.431811809539795,
            2.0749902725219727
        ],
        [
            0.33632710576057434,
            -2.2417783737182617,
            2.1021132469177246
        ],
        [
            0.2756804823875427,
            -2.0476818084716797,
            2.1298162937164307
        ],
        [
            0.10654591023921967,
            -1.9219955205917358,
            2.1477551460266113
        ],
        [
            -0.10335072875022888,
            -1.8933277130126953,
            2.1518468856811523
        ],
        [
            -0.3032861351966858,
            -1.9629534482955933,
            2.14190936088562
        ],
        [
            -0.4388521909713745,
            -2.123382806777954,
            2.119011402130127
        ]
    ],
    "slice_d": [
        [
            -0.4611445367336273,
            -2.3289003372192383,
            2.6647226810455322
        ],
        [
            -0.3836188018321991,
            -2.5221407413482666,
            2.6371419429779053
        ],
        [
            -0.20773686468601227,
            -2.638033151626587,
            2.620600700378418
        ],
        [
            0.003237595781683922,
            -2.6546542644500732,
            2.6182284355163574
        ],
        [
            0.1979915201663971,
            -2.574183940887451,
            2.629714012145996
        ],
        [
            0.3212449550628662,
            -2.406158924102783,
            2.653695583343506
        ],
        [
            0.3142209053039551,
            -2.199702501296997,
            2.6831626892089844
        ],
        [
            0.17982672154903412,
            -2.0402681827545166,
            2.705918312072754
        ],
        [
            -0.01995513215661049,
            -1.9729528427124023,
            2.7155263423919678
        ],
        [
            -0.22932180762290955,
            -2.003588914871216,
            2.711153745651245
        ],
        [
            -0.39692845940589905,
            -2.130934238433838,
            2.6929779052734375
        ]
    ],
    "slice_e": [
        [
            -0.4611445367336273,
            -2.3825244903564453,
            3.0404319763183594
        ],
        [
            -0.3836188316345215,
            -2.5757648944854736,
            3.0128512382507324
        ],
        [
            -0.20773690938949585,
            -2.691657304763794,
            2.996310234069824
        ],
        [
            0.0032375287264585495,
            -2.7082784175872803,
            2.9939377307891846
        ],
        [
            0.19799146056175232,
            -2.6278083324432373,
            3.005423069000244
        ],
        [
            0.3212449252605438,
            -2.4597833156585693,
            3.029405117034912
        ],
        [
            0.31422096490859985,
            -2.253326892852783,
            3.0588719844818115
        ],
        [
            0.17982685565948486,
            -2.0938923358917236,
            3.08162784576416
        ],
        [
            -0.01995496079325676,
            -2.0265769958496094,
            3.091235637664795
        ],
        [
            -0.2293216437101364,
            -2.057213068008423,
            3.086862802505493
        ],
        [
            -0.3969283401966095,
            -2.184558153152466,
            3.0686874389648438
        ]
    ],