{
    "slice_a": [
        [
            -0.371040940284729,
            1.0530145168304443,
            1.916642427444458
        ],
        [
            -0.31054431200027466,
            0.8791800737380981,
            1.8309425115585327
        ],
        [
            -0.17229919135570526,
            0.745535671710968,
            1.7650558948516846
        ],
        [
            0.020030513405799866,
            0.6901325583457947,
            1.737742304801941
        ],
        [
            0.20458155870437622,
            0.7652941942214966,
            1.774796962738037
        ],
        [
            0.3293811082839966,
            0.9119930863380432,
            1.8471190929412842
        ],
        [
            0.3770011365413666,
            1.087966799736023,
            1.9338738918304443
        ],
        [
            0.4005262553691864,
            1.2701871395111084,
            2.0237083435058594
        ],
        [
            0.31268686056137085,
            1.4056944847106934,
            2.090513229370117
        ],
        [
            0.12452468276023865,
            1.4836277961730957,
            2.128933906555176
        ],
        [
            -0.04923229292035103,
            1.476895809173584,
            2.125615358352661
        ],
        [
            -0.11125542223453522,
            1.588130235671997,
            2.1804535388946533
        ],
        [
            -0.2372610867023468,
            1.5356667041778564,
            2.1545894145965576
        ],
        [
            -0.3561438322067261,
            1.403659462928772,
            2.089509963989258
        ]
    ],
    "slice_b": [
        [
            -0.39413028955459595,
            1.043389916419983,
            2.5512285232543945
        ],
        [
            -0.3364584445953369,
            0.8587054014205933,
            2.460179567337036
        ],
        [
            -0.16889379918575287,
            0.7382969856262207,
            2.400818347930908
        ],
        [
            0.04344747215509415,
            0.7086065411567688,
            2.386180877685547
        ],
        [
            0.24787087738513947,
            0.7688149213790894,
            2.4158637523651123
        ],
        [
            0.3771449327468872,
            0.9196200966835022,
            2.4902102947235107
        ],
        [
            0.3871852159500122,
            1.1100167036056519,
            2.584075450897217
        ],
        [
            0.2667010724544525,
            1.2681235074996948,
            2.6620216369628906
        ],
        [
            0.06887567043304443,
            1.3444173336029053,
            2.699634552001953
        ],
        [
            -0.14559631049633026,
            1.3263605833053589,
            2.69073224067688
        ],
        [
            -0.32074838876724243,
            1.2146759033203125,
            2.6356723308563232
        ]
    ],
    "slice_c": [
        [
            -0.3961982727050781,
            0.9008926749229431,
            2.8006432056427
        ],
        [
            -0.3266715705394745,
            0.7196921110153198,
            2.7113113403320312
        ],
        [
            -0.1541372835636139,
            0.6051551103591919,
            2.6548449993133545
        ],
        [
            0.05933522433042526,
            0.5830831527709961,
            2.6439638137817383
        ],
        [
            0.2587854564189911,
            0.6531996726989746,
            2.6785311698913574
        ],
        [
            0.38398128747940063,
            0.8080615997314453,
            2.7548775672912598
        ],
        [
            0.3820544481277466,
            0.9985498189926147,
            2.848787784576416
        ],
        [
            0.2527449131011963,
            1.1506073474884033,
            2.9237520694732666
        ],
        [
            0.05235975608229637,
            1.219225525856018,
            2.95758056640625
        ],
        [
            -0.16044624149799347,
            1.1939107179641724,
            2.945100784301758
        ],
        [
            -0.33076682686805725,
            1.0770442485809326,
            2.8874855041503906
        ]
    ],
    "slice_d": [
        [
            -0.3961982727050781,
            0.7741118669509888,
            3.0578057765960693
        ],
        [
            -0.3269657790660858,
            0.5932193994522095,
            2.9686262607574463
        ],
        [
            -0.15496858954429626,
            0.4787326455116272,
            2.912184476852417
        ],
        [
            0.05795234069228172,
            0.4561898708343506,
            2.9010708332061768
        ],
        [
            0.2565191388130188,
            0.5267680287361145,
            2.935865879058838
        ],
        [
            0.3834800720214844,
            0.679889440536499,
            3.011354446411133
        ],
        [
            0.38281428813934326,
            0.8699967861175537,
            3.105076789855957
        ],
        [
            0.2548874318599701,
            1.022481083869934,
            3.1802515983581543
        ],
        [
            0.05559076741337776,
            1.092207670211792,
            3.2146265506744385
        ],
        [
            -0.15710419416427612,
            1.068570613861084,
            3.2029733657836914
        ],
        [
            -0.3285631537437439,
            0.9534347653388977,
            3.146211862564087
        ]
    ],
    "slice_e": [
        [
            -0.3885202705860138,
            0.5844621658325195,
            3.2839744091033936
        ],
        [
            -0.27946382761001587,
            0.41975903511047363,
            3.2027761936187744
        ],
        [
            -0.08743572235107422,
            0.334416002035141,
            3.1607019901275635
        ],
        [
            0.12644904851913452,
            0.3419760763645172,
            3.164429187774658
        ],
        [
            0.3087027370929718,
            0.4418254792690277,
            3.2136547565460205
        ],
        [
            0.39892199635505676,
            0.6142077445983887,
            3.2986388206481934
        ],
        [
            0.3531903028488159,
            0.7998830676078796,
            3.390176773071289
        ],
        [
            0.19529685378074646,
            0.9282498359680176,
            3.453461170196533
        ],
        [
            -0.014030436053872108,
            0.9682032465934753,
            3.4731578826904297
        ],
        [
            -0.21988828480243683,
            0.9144304990768433,
            3.446648120880127
        ],
        [
            -0.36428242921829224,
            0.7729145884513855,
            3.3768811225891113
        ]
    ],